<?xml version="1.0" encoding="UTF-8"?>
<!DOCTYPE mapper PUBLIC "-//mybatis.org//DTD Mapper 3.0//EN" "https://mybatis.org/dtd/mybatis-3-mapper.dtd">
<mapper namespace="post">
<!-- 1. 게시글 작성
	2. 게시글 목록
	3. 게시글 상세보기
	4. 게시글 수정
	5. 게시글 삭제 -->
	<insert id="insert" parameterType="PostVO">
		INSERT INTO TBL_POST(ID, POST_TITLE, POST_CONTENT)
		VALUES(SEQ_POST.NEXTVAL, #{postTitle}, #{postContent})
	</insert>
	
	<select id="selectAll" resultType="PostVO">
		SELECT ID, POST_TITLE, POST_CONTENT
		FROM TBL_POST
		ORDER BY ID DESC
	</select>
	
	<select id="select" parameterType="Long" resultType="PostVO">
		SELECT ID, POST_TITLE, POST_CONTENT
		FROM TBL_POST
		WHERE ID = #{id}
	</select>
	
	<update id="update" parameterType="PostVO">
		UPDATE TBL_POST 
		SET 
			POST_TITLE = #{postTitle},
			POST_CONTENT = #{postContent}
		WHERE ID = #{id}
	</update>
	
	<delete id="delete" parameterType="Long">
		DELETE FROM TBL_POST 
		WHERE ID = #{id}	
	</delete>
	
</mapper>